post_id,timestamp,timestamp_ms,content_text,scrape_time
356256893,2025-03-15 21:49:25,1742075365964.0,"check the image posted below ğŸ‘‡ğŸ‘‡ğŸ‘‡$AAVE
#aave
if everything is legit, this will moon. Just got a small bag, time will tell. Consider buying ğŸ‘‡ğŸ‘‡ğŸ‘‡sdsd hmS",2025-03-15 22:05:59
356256106,2025-03-15 19:06:13,1742065573954.0,"#AAVE
LTF Analysis:

The $AAVE chart is looking quite interesting at the moment. $AAVE has just completed its CD leg and appears primed for a reversal. On the lower timeframe, $AAVE has been trading within a descending channel and is currently testing the channel's upper boundary.


...
Read all",2025-03-15 22:05:59
356252128,2025-03-15 16:25:45,1742055945196.0,"ğŸš¨ Trump-Backed Crypto Project WLFI Closes Token Sale After Raising $590 Million.
The World Liberty Financial Initiative (WLFI), a notable cryptocurrency project backed by US President Donald Trump, has successfully concluded its token sale, raising an impressive $590 million. This achievement puts WLFI among the top 10 largest token raises in history.
WLFI tokens were exclusively sold to accredited investors, meaning they cannot be freely traded or transferred to the public. As of now, there is no announced timeline for when WLFI tokens might be listed on exchanges. Launched in September 2024, the project aims to push decentralized finance (DeFi) forward while supporting US dollar-pegged stablecoins to bolster the USD's global dominance. At its core, WLFI features a DeFi lending platform.
...
Read all",2025-03-15 22:05:59
356245858,2025-03-15 14:49:14,1742050154195.0,$AAVE potential bullish â†”ï¸ğŸ˜ğŸ¤‘ğŸ¤‘ğŸ¤‘ğŸš€ğŸš€,2025-03-15 22:05:59
356246439,2025-03-15 11:22:02,1742037722926.0,"$AAVE has established a strong support level at $173.82, with a bullish outlook that targets a price of $300.00.
#AAVEUSDT",2025-03-15 22:05:59
356235707,2025-03-15 04:04:45,1742011485069.0,"Earn 200% APR on USDC Using Hederaâ€™s DeFi Ecosystem : A Thread
Earning high yield on USDC is tough.
Most DeFi platforms barely offer 5% APY, and gas fees eat into profits.
On Hedera, things are differentâ€”Bonzo Finance & SaucerSwap offer up to 200% APR on USDC.
Hereâ€™s how to earn ğŸ‘‡
2/ Why
@hedera
? The Best Chain for USDC Yield
...
Read all",2025-03-15 22:06:02
356220703,2025-03-14 18:13:45,1741976025075.0,"NEED TO KNOW:
- Trump Family Reportedly Held Talks for
  t.co/KrC7AStETn
Investment. The WSJ report also cited that CZ was trying to get a pardon out of the deal, a claim he denied on X.
- MoonPay Acquires Stablecoin Infra Company Iron. The acquisition is the latest signal from crypto's power players that stablecoins are already big business, The Block reports.
...
Read all",2025-03-15 22:06:02
356222268,2025-03-14 17:46:52,1741974412185.0,$AAVE I'm bullish on $AAVE,2025-03-15 22:06:04
356213746,2025-03-14 11:52:45,1741953165018.0,"Aave Labs is hosting an event with
@blockchainox
on Tuesday, March 18.
Youâ€™ll hear directly from our core developers, who will share their insights and experiences at the forefront of DeFi.
Register here:
  lu.ma/aavelabsoxford",2025-03-15 22:06:04
