post_id,author,timestamp,timestamp_ms,content_text,scrape_time
356886088,Unknown,2025-04-02 12:08:36,1743595716343.0,$CRV go go ğŸš€ ğŸš€,2025-04-02 14:58:39
356878154,Unknown,2025-04-02 04:02:57,1743566577849.0,$CRV go go ğŸš€ ğŸš€,2025-04-02 14:58:39
356875471,Unknown,2025-04-02 02:10:37,1743559837446.0,$CRV go go ğŸš€ ğŸš€,2025-04-02 14:58:40
356870246,Unknown,2025-04-02 01:50:30,1743558630631.0,$CRV go go ğŸš€ ğŸš€,2025-04-02 14:58:41
356873468,Unknown,2025-04-01 23:40:35,1743550835754.0,$CRV go go ğŸš€ ğŸš€,2025-04-02 14:58:41
356871150,Unknown,2025-04-01 21:52:16,1743544336758.0,$CRV go go ğŸš€ ğŸš€,2025-04-02 14:58:42
356867435,Unknown,2025-04-01 19:43:05,1743536585325.0,"$CRV towards $1
#CRV
it should be very easy to reach that value, as long as the bot doesn't do the work.",2025-04-02 14:58:51
356867372,Unknown,2025-04-01 19:29:03,1743535743709.0,"$CRV best coin
#CRV",2025-04-02 14:58:51
356864487,Unknown,2025-04-01 16:54:00,1743526440062.0,"$CRV - Mcap 710.35M$ - 82% / 16K votes Bullish

SC02 M15 pending Long order, entry is within LVN with a well-positioned positive DCA compared to the previous profitable chasing Long order, expected stop-loss at 2.18%. The uptrend is in its 131st cycle, with an increase range of 15.34%.",2025-04-02 14:58:52
356854778,Unknown,2025-04-01 16:06:41,1743523601789.0,"$CRV If you have invested, imagine your dreams with confidence because you will soon achieve them.",2025-04-02 14:58:52
356859559,Unknown,2025-04-01 14:16:45,1743517005303.0,"CRV Coin Price Prediction, Next Move: 72 Cents Possible?
  www.youtube.com/watch?v=LeFGsy...
CRV Coin Price Prediction, Analysis, News and Update -1 APRIL 2025
#cryptoanalysis
#pricepredictions
#solana
#cryptocop
In todayâ€™s video, weâ€™re diving into the latest CRV coin price predictâ€¦",2025-04-02 14:58:53
356855826,Unknown,2025-04-01 13:19:45,1743513585098.0,"UPDATE $CRV (1h TF)

+268.4% profit (10X LEV) ğŸ’°",2025-04-02 14:58:54
356853681,Unknown,2025-04-01 13:09:29,1743512969112.0,$CRV Next Move: 72 Cents Possible?,2025-04-02 14:59:07
356858161,Unknown,2025-04-01 13:09:12,1743512952185.0,"$CRV The Curve DAO Token (CRV) is showing strong momentum with a 6.98% increase in the last 24 hours, trading at $0.5333. While CRV is not yet available for direct purchases of 178M+ products on Uquid Shop, users can still leverage Uquid Gift Cards to shop on Web3 without needing prior crypto experience or holding any tokens. This makes blockchain-powered shopping more accessible to everyone",2025-04-02 14:59:08
356855737,Unknown,2025-04-01 13:09:01,1743512941964.0,"$WLD and $CRV Near Key Resistance â€“ Are Major Breakouts on the Horizon?

#Altcoins
#NFA
https://coinsprobe.com/wld-and-crv-near-key-resistance-are-major-breakouts-on-the-horizon/
WLD and CRV Near Key Resistance â€“ Are Major Breakouts on the Horizon?
Date: Tue, April 01, 2025 | 03:54 PM GMT",2025-04-02 14:59:22
356850682,Unknown,2025-04-01 10:28:16,1743503296761.0,"ğŸš¨ $CRV Falling Wedge Alert! ğŸš¨

Testing $0,50 resistanceâ€”breakout soon? ğŸ“ˆ

Targets: $1 & $1,2 ğŸ”¥ Watch this! ğŸ‘€
#CRV
#Crypto
#Breakout",2025-04-02 14:59:32
356850371,Unknown,2025-04-01 09:49:44,1743500984183.0,"ğŸ“Š $CRV Mid-Term Setup!

$CRV successfully retested the falling wedge pattern after breaking out. ğŸš€

Target of $1,59 remains! ğŸ“ˆ

Whatâ€™s your $CRV target? ğŸ‘‡
#CRV
#Crypto
#CryptoTrading",2025-04-02 14:59:33
356849849,Unknown,2025-04-01 09:10:06,1743498606703.0,"ğŸ“Š $CRV Mid-Term Setup!

$CRV successfully retested the falling wedge pattern after breaking out. ğŸš€

Target of $1,59 remains! ğŸ“ˆ

Whatâ€™s your $CRV target? ğŸ‘‡
#CRV
#Crypto
#CryptoTrading",2025-04-02 14:59:34
356851633,Unknown,2025-04-01 08:58:45,1743497925097.0,"ğŸ”¹ Explore Top Performing Pools on YieldFi ğŸ”¹
1âƒ£ Balancer yUSD/USDC: Access a leading APY of 16%+, complemented by a 2x YC boost.
2âƒ£Curve yUSD/sDOLA: Consistent earning with a base 11%+ APY, elevated to 24%+ APY with CRV rewards and double YieldCrumbs.
3âƒ£Napier yUSD: Strategic earning potential at 10%+ APY with a 2.5x YC multiplier + 1x Napier Points
...
Read all",2025-04-02 14:59:34
356849435,Unknown,2025-04-01 08:50:51,1743497451796.0,"$CRV is an Ethereum token that powers
  Curve.fi
, a decentralized exchange and automated market maker protocol. The protocol is designed to make it easy to swap between ERC-20 tokens, such as stablecoins and Ethereum-based Bitcoin tokens.

$BTC/$USDT: 84 104
$ETH/$USDT: 1 884

...
Read all",2025-04-02 14:59:35
356851060,Unknown,2025-04-01 08:04:45,1743494685112.0,"$CRV is an Ethereum token that powers
  Curve.fi
, a decentralized exchange and automated market maker protocol. The protocol is designed to make it easy to swap between ERC-20 tokens, such as stablecoins and Ethereum-based Bitcoin tokens.

$BTC/$USDT: 84 104
$ETH/$USDT: 1 884

...
Read all",2025-04-02 14:59:48
356845976,Unknown,2025-04-01 06:19:45,1743488385081.0,Iâ€™m bullish on$CRV,2025-04-02 14:59:52
356844165,Unknown,2025-04-01 04:20:53,1743481253096.0,"$CRV Curve DAO is the stablecoin whisperer. ğŸ It slides through low-slippage trades like a liquidity serpent. AMMs? Curve invented the efficient ones. Itâ€™s math, money, and meme all in one.
#CRV",2025-04-02 14:59:53
356844093,Unknown,2025-04-01 04:16:45,1743481005074.0,"$CRV Curve DAO is the stablecoin whisperer. ğŸ It slides through low-slippage trades like a liquidity serpent. AMMs? Curve invented the efficient ones. Itâ€™s math, money, and meme all in one.
#CRV",2025-04-02 15:00:03
356834824,Unknown,2025-04-01 00:46:45,1743468405040.0,"24-Hour Notable Performance Watchâ³
Performer: Curve DAO Token( $CRV )
Daily price movement data
â©Price â€” $0.5422 (19.38%ğŸ”º)
â©Market cap â€” $709.34M ğŸ“ˆ
â©Trading volume â€” $181.3M
Does your portfolio include $CRV? ğŸ¤”",2025-04-02 15:00:06
356833454,Unknown,2025-03-31 20:28:45,1743452925048.0,"Here are the trending
#Cryptos
of the day!âœ¨
âœ…Bitcoin ( $BTC ) -
@Bitcoin
âœ…Ethereum ( $ETH ) -
@ethereum
âœ…Solana ( $SOL ) -
@solana
âœ…XRP ( $XRP ) -
@Ripple
âœ…BNB ( $BNB ) -
@BNBCHAIN
âœ…Dogecoin ( $DOGE ) -
@dogecoin
âœ…Cardano ( $ADA ) -
@Cardano
âœ…Sui ( $SUI ) -
@SuiNetwork
âœ…Walrus ( $WAL ) -
@WalrusProtocol
âœ…Curve DAO Token ( $CRV ) -
@CurveFinance
Do you hold any?ğŸ§",2025-04-02 15:00:10
356812928,Unknown,2025-03-31 04:37:45,1743395865135.0,"Star Projects of
#MEXC
â€™s 0 Trading Fee Fest (Apr 1, 2025)!
ğŸ† Top 3 Gainers:
$VINE, $CRV, $PEPE
ğŸ† Top 5 Trading Pairs:
$SOL, $SUI, $LINK, $ADA, $TRUMP
No trading fees, just pure gains!",2025-04-02 15:00:17
356814646,Unknown,2025-03-31 03:48:43,1743392923154.0,"Liquity V2 forks are going live!
Liquity V2 officially relaunches later in Q2 - but you donâ€™t have to wait to see it in action.
3 forks built on the V2 codebase are launching this April, each with incentives galore to boot ğŸ‘€
1ï¸âƒ£
@felixprotocol
on
@HyperliquidX
â€¢ Borrow against HYPE, Unit BTC, ETH, and SOL at an interest rate of your choosing
â€¢ Mint feUSD and earn via Stability Pools or LP it with other stables
2ï¸âƒ£
@Neriteorg
on
@arbitrum
â€¢ Immutable contractsâ€”no upgrades, ever
â€¢ Native streaming via
@Superfluid_HQ
â€¢ Borrow USDN against ETH, LSTs, LRTs (e.g., weETH, ezETH), and ARB
3ï¸âƒ£
@DeFiDollar
on Mainnet
â€¢ Use AAVE, CRV, LDO, LQTY & more as collateral to mint DUSD
â€¢ A stablecoin backed by the tokens that power DeFi
The CDP renaissance starts soon.",2025-04-02 15:00:18
356761058,Unknown,2025-03-30 07:00:47,1743318047994.0,"Liquity V2 forks are going live!
Liquity V2 officially relaunches later in Q2 - but you donâ€™t have to wait to see it in action.
3 forks built on the V2 codebase are launching this April, each with incentives galore to boot ğŸ‘€
1ï¸âƒ£
@felixprotocol
on
@HyperliquidX
â€¢ Borrow against HYPE, bridged WBTC, ETH, and SOL at an interest rate of your choosing
â€¢ Mint feUSD and earn via Stability Pools or LP it with other stables
2ï¸âƒ£
@Neriteorg
on
@arbitrum
â€¢ Immutable contractsâ€”no upgrades, ever
â€¢ Native streaming via
@Superfluid_HQ
â€¢ Borrow USDN against ETH, LSTs, LRTs (e.g., weETH, ezETH), and ARB
3ï¸âƒ£
@DeFiDollar
on Mainnet
â€¢ Use AAVE, CRV, LDO, LQTY & more as collateral to mint DUSD
â€¢ A stablecoin backed by the tokens that power DeFi
The CDP renaissance starts soon.",2025-04-02 15:00:19
356743823,Unknown,2025-03-29 15:29:07,1743262147153.0,$CRV price predictions in alt season,2025-04-02 15:00:22
356745929,Unknown,2025-03-29 15:28:56,1743262136289.0,I'm bullish on $CRV,2025-04-02 15:00:22
356747974,Unknown,2025-03-29 13:00:53,1743253253104.0,"Binance to Lower Collateral Ratio for Unified Account CRV, UNI, ALGO, and More Assets
#Bitcoin
$BTC",2025-04-02 15:00:23
356742630,Unknown,2025-03-29 11:04:45,1743246285134.0,"$CRV Curve DAO Token optimizes stable liquidity. ğŸ”ğŸ’§ Designed for low-slippage trading, it anchors DeFiâ€™s most efficient AMM â€” stability in motion.
#CRV",2025-04-02 15:00:27
356735692,Unknown,2025-03-29 06:11:29,1743228689630.0,"$CRV Curve DAO Token ğŸ’¹ is the backbone of stablecoin liquidity. With ultra-low slippage and optimized AMMs, $CRV powers DeFi efficiency. Itâ€™s the silent engine behind swaps, vaults, and strategiesâ€”where liquidity flows, and yields are born.",2025-04-02 15:00:40
356728050,Unknown,2025-03-28 19:23:08,1743189788613.0,"ğŸ“Š $CRV Mid-Term Setup!

$CRV is retesting $0,50 resistance in a falling wedge after holding $0,40 support. ğŸš€

If it holds, target of $1,59 remains valid! ğŸ“ˆ

Whatâ€™s your $CRV target? ğŸ‘‡
#CRV
#Crypto
#CryptoTrading",2025-04-02 15:00:53
356715057,Unknown,2025-03-28 10:07:38,1743156458049.0,"ğŸ“Š $CRV Update â€“ First Target Reached âœ…
$CRV has successfully hit the first target as expected.
Nice progress on the trade! ğŸ¯

ğŸ“© For more updates and setups, stay tuned.
Telegram:
  t.me/+BMywp4GN12UyZjY9",2025-04-02 15:01:01
356716003,Unknown,2025-03-28 10:02:01,1743156121028.0,"CRYPTO REPORT OF THE DAY:
Here are the Top 3 LosersğŸ”´
1ï¸âƒ£
#Sonic
( $S )
ğŸ”½11.58%
ğŸ·$0.5003
2ï¸âƒ£
#CurveDAO
( $CRV )
ğŸ”½9.95%
ğŸ·$0.4805
3ï¸âƒ£
#Celestia
( $TIA )
ğŸ”½ 9.89%
ğŸ·$3.27",2025-04-02 15:01:02
356701749,Unknown,2025-03-27 23:52:45,1743119565047.0,"ğŸ“‰ $CRV Market Update ğŸ”

$CRV is testing the blue support zone â€” a critical area to watch!

âš ï¸ If a breakdown occurs, the price could move down toward the green line levels, acting as the next support zones.

Stay alert for confirmation before taking action.

ğŸ“² Get more market updates & trade ideas in our free group:
ğŸ‘‰
  t.me/+BMywp4GN12UyZjY9

Trade safe and stay informed! ğŸ’¼ğŸ“Š",2025-04-02 15:01:03
356697304,Unknown,2025-03-27 23:03:54,1743116634883.0,I'm bullish on $CRV .,2025-04-02 15:01:03
356694852,Unknown,2025-03-27 20:21:14,1743106874052.0,"$CRV

ğŸŸ¢ Long

#CRV
/USDT

Entry : 0.502 - 0.497





...
Read all",2025-04-02 15:01:04
356694599,Unknown,2025-03-27 19:35:00,1743104100161.0,I'm bullish on $CRV small pull back expected RSI was at 70...Next is a big move up!,2025-04-02 15:01:05
356689893,Unknown,2025-03-27 19:22:49,1743103369241.0,The locked $CRV model fosters true community involvement.,2025-04-02 15:01:08
356689576,Unknown,2025-03-27 18:22:45,1743099765126.0,"CRV Coin Price Prediction, CRV Hits $778M Market Cap â€“ Whatâ€™s Next?
  www.youtube.com/watch?v=xA2Zal...
CRV Coin Price Prediction, Analysis, News and Update -28 March 2025
#cryptoanalysis
#pricepredictions
#solana
#cryptocop
#trading
#crv
CRV coin is showing strong bullish momentum,â€¦",2025-04-02 15:01:35
356691845,Unknown,2025-03-27 17:17:26,1743095846952.0,$CRV CRV Hits $778M Market Cap â€“ Whatâ€™s Next?,2025-04-02 15:01:49
356691029,Unknown,2025-03-27 15:09:46,1743088186797.0,"$CRV 4H: Can retest the support. This is the narrative right now.

#Ripple
#BNBChain#
#Bitboy",2025-04-02 15:02:01
356685951,Unknown,2025-03-27 12:54:41,1743080081205.0,"$CRV crushing it! ğŸš€

ğŸ“In my previous post, I highlighted $CRV during the FearğŸŸ¦ phase when we were deep in the green zoneğŸŸ¢. Now, weâ€™re already seeing a 70% move to the upside!ğŸ“ˆ

ğŸ’¡Patience and buying in fear are paying off once again. The market rewards those who stay calm when others panicğŸ§ ",2025-04-02 15:02:01
356685417,Unknown,2025-03-27 11:17:38,1743074258879.0,"âš¡ï¸ TOP Trending searches on
@coingecko
- $WAL
@WalrusProtocol
- $MOVE
@movementlabsxyz
- $HYPE
@HyperliquidX
- $SUI
@SuiNetwork
- $NIL
@nillionnetwork
- $ZEUS
@ZeusNetworkHQ
- $BERA
@berachain
- $CRV
@CurveFinance
- $GHIBLI
@ghibli
- $SOL
@solana",2025-04-02 15:02:02
356678596,Unknown,2025-03-27 07:37:34,1743061054024.0,"âš¡ï¸ TOP Trending searches on
@coingecko
- $WAL
@WalrusProtocol
- $MOVE
@movementlabsxyz
- $HYPE
@HyperliquidX
- $SUI
@SuiNetwork
- $NIL
@nillionnetwork
- $ZEUS
@ZeusNetworkHQ
- $BERA
@berachain
- $CRV
@CurveFinance
- $GHIBLI
@ghibli
- $SOL
@solana",2025-04-02 15:02:05
356670444,Unknown,2025-03-27 05:43:45,1743054225085.0,"ğŸš¨ $CRV Breakout Alert! ğŸš¨

Breaking above $0,50â€”retest incoming? ğŸ“ˆ
Target: $1,59 ğŸ”¥ Watch this! ğŸ‘€

#CRV
#Crypto
#Breakout",2025-04-02 15:02:08
356670180,Unknown,2025-03-27 05:09:06,1743052146218.0,"$CRV CRISIS: Breakdown Accelerates! Urgent Trade Setup Inside

Market Bias: BEARISH
Trading Signal (Short Setup)
Entry 1: $0.597
Entry 2: $0.603
Take Profit Targets:
TP1: $0.574
TP2: $0.560
TP3: $0.548
TP4: $0.530
Stop Loss: $0.611 (Above recent high)

ğŸ’€ Why This Trade Works
0.91% drop on rising volume - sellers in control
Rejected at $0.610 resistance - clear bearish signal
Trading below all key moving averages - strong downtrend
CRV/BTC ratio at yearly lows - extreme weakness

âš”ï¸ Critical Levels
Resistance: 0.603â†’0.603â†’0.611 â†’ $0.620
Support: 0.574â†’0.574â†’0.538 â†’ $0.520

ğŸŒªï¸ Market Pulse
CRV breaking down hard!
â€¢ Lost 0.597 support âˆ’ next stop 0.597 support âˆ’ next stop 0.574
â€¢ Altcoin bloodbath worsening - no buyers stepping in
â€¢ If BTC drops further, expect ACCELERATED downside
â€¢ This could get UGLY fast - manage risk carefully
#CRV
#CurveFinance
#CryptoCrash
#ShortCRV
#BearMarket",2025-04-02 15:02:19
356669553,Unknown,2025-03-27 04:56:19,1743051379535.0,"$CRV +23% âœ…
Another cook! Want early cooks tap iÃ±!",2025-04-02 15:02:23
356669254,Unknown,2025-03-27 04:09:48,1743048588306.0,$CRV anyone knows the reason behind the sudden growth of CRV?,2025-04-02 15:02:26
356669056,Unknown,2025-03-27 03:35:16,1743046516496.0,"â¤´ï¸
#CurveDAO
rallies as developer activity hits new ATH

Curve DAO ( $CRV ) price extends its gains by 8% and trades above $0.58 at the time of writing on Thursday, rallying over 15% so far this week. DefiLlama data shows that the CRVâ€™s developer commits hit a new all-time high (ATH), surpassing 900 commits per month. The technical outlook suggests a rally continuation as CRVâ€™s long-to-short ratio points to increasing bullish bets among traders.

Stay tuned to latest
#Cryptocurrencies
update
https://www.fxstreet.com/cryptocurrencies/news/curve-dao-rallies-as-developer-activity-hits-new-ath-202503270730?utm_medium=referral&utm_source=coinmarketcapcom&utm_campaign=editorial-post-referrals&utm_term=FXS-95
Why is CRV rallying?
Curve DAO (CRV) price extends its gains by 8% and trades above $0.58 at the time of writing on Thursday, rallying over 15% so far this week.",2025-04-02 15:02:41
356654288,Unknown,2025-03-26 14:58:39,1743001119212.0,$CRV TO THE MOON,2025-04-02 15:02:50
356651959,Unknown,2025-03-26 14:23:25,1742999005355.0,"ğŸ”¥ $CRV Breaking Out of Multi-Year Downtrend!

Curve just completed a textbook falling wedge breakout after nearly 2 years of consolidation â€” a classic bullish reversal pattern. The breakout area is highlighted with the orange circle ğŸŸ .

Now trading above the breakout zone, and setting up for a strong impulsive leg upward ğŸ“ˆ


...
Read all",2025-04-02 15:02:50
356640971,Unknown,2025-03-26 13:19:45,1742995185175.0,"ğŸ“Š $CRV Mid-Term Setup!

$CRV broke out of a falling wedge above $0,50 after a fakeout below $0,40 support. ğŸš€

A retest of $0,50 holding could rally to $1,59 in 6â€“8 weeks! ğŸ“ˆ

...
Read all",2025-04-02 15:02:51
356646481,Unknown,2025-03-26 13:07:45,1742994465084.0,"ğŸš¨ $CRV Wedge Breakout! ğŸš¨

Broke out above $0,50â€”retest holding? ğŸ“ˆ

Target: $1,59 ğŸ”¥ Watch this! ğŸ‘€
#CRV
#Crypto
#Breakout",2025-04-02 15:02:51
356640578,Unknown,2025-03-26 12:28:48,1742992128646.0,"CRV Coin Price Prediction, I'm Buying CRVcoin At 53 Cents - Here's Why
  www.youtube.com/watch?v=410JZJ...
CRV Coin Price Prediction, Analysis, News and Update -26 March 2025
#cryptoanalysis
#pricepredictions
#solana
#cryptocop
#trading
#crv
Get ready for a potential pump in CRV coiâ€¦",2025-04-02 15:02:52
356645183,Unknown,2025-03-26 10:25:18,1742984718289.0,$CRV I'm Buying CRVcoin At 53 Cents - Here's Why,2025-04-02 15:02:53
356629412,Unknown,2025-03-26 07:49:22,1742975362927.0,$CRV I'm Buying CRVcoin At 53 Cents - Here's Why,2025-04-02 15:03:05
356630689,Unknown,2025-03-26 07:25:37,1742973937942.0,"Michael Egorovâ€™s CRV Token Sales Spark Market Speculation
https://ift.tt/30H9uGd
Michael Egorovâ€™s CRV Token Sales Spark Market Speculation
Michael Egorov's CRV token sales raised concerns among market participants. Despite sales, positive signals for CRV tokens have been identified. Investors are reassessing strategies amid market uncertainty and price fluctuations.",2025-04-02 15:03:06
356628270,Unknown,2025-03-26 05:56:55,1742968615345.0,"Why Are CRV Token Sales Causing Concern?
https://ift.tt/GuWSUx7
Why Are CRV Token Sales Causing Concern? - Latest cryptocurrency news
The cryptocurrency market is abuzz with speculation following Michael Egorov's recent sale of CRV tokens. On March 26, Egorov, the founder of Curve Finance,",2025-04-02 15:03:17
356627557,Unknown,2025-03-26 05:23:39,1742966619892.0,"Why Are CRV Token Sales Causing Concern?
https://ift.tt/GuWSUx7
Why Are CRV Token Sales Causing Concern? - Latest cryptocurrency news
The cryptocurrency market is abuzz with speculation following Michael Egorov's recent sale of CRV tokens. On March 26, Egorov, the founder of Curve Finance,",2025-04-02 15:03:19
356624790,Unknown,2025-03-26 04:43:45,1742964225270.0,I'm bullish on $CRV . Be ready for whats coming.,2025-04-02 15:03:19
356620262,Unknown,2025-03-25 19:43:45,1742931825132.0,$CRV Guys WTF is going on with Michael egorov ?? why he is selling a big amount of CRV at a loss ??,2025-04-02 15:03:30
356603648,Unknown,2025-03-25 14:10:03,1742911803512.0,I'm bullish on$CRV,2025-04-02 15:03:30
356594115,Unknown,2025-03-25 09:13:17,1742893997473.0,I'm bullish on$CRV,2025-04-02 15:03:31
356561707,Unknown,2025-03-24 13:01:45,1742821305062.0,"Curve Founder Allegedly Sells 1 Million CRV, with an Average Selling Price of $0.515
#Bitcoin
$BTC",2025-04-02 15:03:31
356559911,Unknown,2025-03-24 11:16:45,1742815005089.0,"Michael Egorov, founder of
@CurveDAOToken
, appears to be selling $CRV again!

18 hours ago, he transferred 1.997M $CRV (worth $1.03M) to the wallet â€œ0x5a8.â€

Just now, this wallet sold 1M $CRV for 515,058 $USDC at an average price of

...
Read all",2025-04-02 15:03:32
356563216,Unknown,2025-03-24 10:31:45,1742812305118.0,"Michael Egorov, founder of
@CurveDAOToken
, appears to be selling $CRV again!

18 hours ago, he transferred 1.997M $CRV (worth $1.03M) to the wallet â€œ0x5a8.â€

Just now, this wallet sold 1M $CRV for 515,058 $USDC at an average price of

...
Read all",2025-04-02 15:03:44
356559615,Unknown,2025-03-24 10:31:45,1742812305114.0,"âš™ï¸ New on CrossCurve: Proposals
Weâ€™ve added a new section where $EYWA holders will soon be able to submit requests for future DAO votes.
ğŸ‘‰
  t.co/yeEOipVeuC
Get ready to influence key decisions! First one is already there ğŸ‘‡
Proposals allow token holders to have more influence on what happens in the DAO and, as a consequence, on their own income from our DAOâ€™s products such as CrossCurve. Voting starts two days after a proposal is published â€” so if a proposal goes up on a Monday, the voting will begin on Wednesday
Already, there is a live proposal: DAO EMISSON PROPOSAL
#1
. Itt sets an adjusted emission distribution of 1,262,295 $EYWA for the next quarter while keeping total emissions unchanged.
Speaking of emissionsâ€¦
Emissions will be split:
ğŸ”¹ 50% on direct liquidity incentives
ğŸ”¹ 50% sent to Votemarket StakeDAO rewards
This will help secure additional CRV rewards, boost liquidity, and strengthen the DAOâ€™s strategic position.
  app.crosscurve.fi/proposal",2025-04-02 15:03:45
356558959,Unknown,2025-03-24 10:17:10,1742811430979.0,"Michael Egorov, the founder of Curve DAO (CRV), once gained the limelight after dumping his CRV at a loss. Late last year, he was liquidated amounts of $CRV tokens.

  blockchainreporter.net/curve-d...",2025-04-02 15:04:13
356554154,Unknown,2025-03-24 06:26:15,1742797575365.0,"In a move that has sent ripples through the decentralized finance (DeFi) space, Michael Egorov, the founder of Curve Finance, has reportedly sold a significant portion of his CRV holdings at a loss.
#CRV
#Cryptonews
#CurveFinance
#DeFi
#MichaelEgorov
  bitcoinworld.co.in/curve-found...",2025-04-02 15:04:14
356529731,Unknown,2025-03-23 19:19:00,1742757540463.0,"Curve founder Michael Egorov sells $CRV at a loss
Curve Finance (CRV) founder Michael Egorov sold 468,769 CRV for 238,171 USDC at $0.508, nearly nine hours ago, according to Spot On Chain on X. In December, he purchased 1.226 million CRV at an average price of $1.114 for $1.37 million. The investment is now at a $745,000 loss, down 54.6%.",2025-04-02 15:04:22
356522982,Unknown,2025-03-23 17:52:31,1742752351464.0,"Curve founder Michael Egorov sells $CRV at a loss
Curve Finance (CRV) founder Michael Egorov sold 468,769 CRV for 238,171 USDC at $0.508, nearly nine hours ago, according to Spot On Chain on X. In December, he purchased 1.226 million CRV at an average price of $1.114 for $1.37 million. The investment is now at a $745,000 loss, down 54.6%.",2025-04-02 15:04:22
356525261,Unknown,2025-03-23 17:50:22,1742752222479.0,"Curve Founder Sells Over 468k CRV at an Average Price of $0.508, Previously Bought at Peak, incurring over $700k Unrealized Loss
#Bitcoin
$BTC",2025-04-02 15:04:23
356524644,Unknown,2025-03-23 17:35:55,1742751355466.0,"$CRV

We're starting to flip daily EMAs.

Besides CRV, lots of other altcoin charts look bottomed.
Three charts I'm most bullish on are CRV, TIA and APT/BTC :)",2025-04-02 15:04:24
356520825,Unknown,2025-03-23 15:48:24,1742744904429.0,Iâ€™m bullish on$CRV,2025-04-02 15:04:24
356508601,Unknown,2025-03-23 09:35:32,1742722532413.0,Iâ€™m bearish on$CRV,2025-04-02 15:04:25
356507869,Unknown,2025-03-23 08:59:43,1742720383021.0,"$CRV CRV and FPS
SUPER Week ğŸš€ğŸš€ğŸš€ğŸš€ğŸš€ğŸš€ğŸš€ğŸ¤‘ğŸ¤‘
#CURV",2025-04-02 15:04:26
356507206,Unknown,2025-03-23 08:09:36,1742717376299.0,$CRV guys why its pumping any news for Curve Dao ?,2025-04-02 15:04:26
356506413,Unknown,2025-03-23 07:49:52,1742716192332.0,"$CRV bang ğŸ”¥.
All TPs âœ….
Want to join us then visit profile and watch pinned message.
#Metaplanet
#BNBChain
#BTC Price Analysis#
#SEC
#CRV",2025-04-02 15:04:41
356502343,Unknown,2025-03-23 03:14:37,1742699677265.0,$CRV I'm bullish on $CRV,2025-04-02 15:04:42
356501809,Unknown,2025-03-23 02:40:49,1742697649669.0,"NEW $CRV trade setup posted on my Twitter (X)!
Go check it out if you're interested in trading it.

Currently on of the TOP Gainer today ğŸ‘‡

  x.com/btclad/status/1903741543...",2025-04-02 15:04:55
356498412,Unknown,2025-03-23 00:21:49,1742689309990.0,"$CRV ğŸ”¥ â€“ Range Bound or Breakout Incoming? ğŸš€

ğŸ“Š Market Overview

ğŸ”¹ Current Price: $0.4906 (-0.18%)
ğŸ”¹ 24H High: $0.5200 ğŸ“ˆ
ğŸ”¹ 24H Low: $0.4800 ğŸ“‰
ğŸ”¹ Buy Level: $0.4906
ğŸ”¹ Sell Level: $0.4905

ğŸ”¹ Buy & Trade Here On Binance ğŸ‘‰ Binance Trading
#Crypto
#Binance
#CRV
#Trading
#CryptoSignals",2025-04-02 15:05:05
356475569,Unknown,2025-03-22 08:56:51,1742633811806.0,$CRV im holding till 6.5 $,2025-04-02 15:05:05
356433557,Unknown,2025-03-21 01:46:45,1742521605212.0,"$CRV ğŸš€ Update ğŸš€

ğŸ“Œ Resistance: $0.5050 - $0.5100
ğŸ“‰ Support: $0.4750 - $0.4800
ğŸ¯ Entry Zone: $0.4800 - $0.4850

CRV broke key levels but faced rejection at $0.5050. Watch $0.4850 for a potential bounce! A move above $0.5000 could trigger a breakout. ğŸ“Š
#CRV
#CryptoTrading
#Binance
#TradingSignals",2025-04-02 15:05:06
356428866,Unknown,2025-03-20 23:25:45,1742513145099.0,"$CRV I am bullish
Let is go to 1 doller again",2025-04-02 15:05:09
356419668,Unknown,2025-03-20 16:43:48,1742489028976.0,"$CRV â€“ Breakout in Motion! ğŸ”¥

ğŸ”¹ 24H Breakout Point: 0.5010
ğŸ”µ Resistance Level: 0.5400
ğŸŸ¢ Support Level: 0.4850 - 0.4900
ğŸ“Œ Entry Zone: 0.4950 - 0.5020


...
Read all",2025-04-02 15:05:12
356413466,Unknown,2025-03-20 11:07:45,1742468865059.0,$CRV bought on 11mar25... now profit 50%... should i hold or sell?,2025-04-02 15:05:16
356390567,Unknown,2025-03-19 21:19:45,1742419185072.0,"$CRV Futures long trade, Profit done âœ…
#CRV
#Metaplanet
#BNBChain
#BTC Price Analysis#
#SEC",2025-04-02 15:05:28
356384985,Unknown,2025-03-19 18:56:19,1742410579960.0,"$RAD trends upward, targeting $2.50. $CRV, $ANT, and $DCR influence its movement. Fibonacci levels and volume trends are key for assessing sustainability. Watch market sentiment for optimal breakout entries and resistance confirmations.",2025-04-02 15:05:29
356370706,Unknown,2025-03-19 10:16:07,1742379367921.0,"$RAD trends upward, targeting $2.50. $CRV, $ANT, and $DCR influence its movement. Fibonacci levels and volume trends are key for assessing sustainability. Watch market sentiment for optimal breakout entries and resistance confirmations.",2025-04-02 15:05:40
356359567,Unknown,2025-03-18 23:43:40,1742341420067.0,"$RAD trends upward, targeting $2.50. $CRV, $ANT, and $DCR influence its movement. Fibonacci levels and volume trends are key for assessing sustainability. Watch market sentiment for optimal breakout entries and resistance confirmations.",2025-04-02 15:05:41
356327061,Unknown,2025-03-18 02:17:32,1742264252780.0,"CRYPTO REPORT OF THE DAY:
Here are the Top 3 LosersğŸ”´
1ï¸âƒ£
#CurveDAOToken
( $CRV )
ğŸ”½3.45%
ğŸ·$0.4454
2ï¸âƒ£
#OKB
( $OKB )
ğŸ”½1.99%
ğŸ·$51.66
3ï¸âƒ£
#Hyperliquid
( $HYPE )
ğŸ”½1.30%
ğŸ·$14.63",2025-04-02 15:05:41
356318121,Unknown,2025-03-17 20:15:34,1742242534544.0,$CRV Back to a dollar.,2025-04-02 15:05:50
356297779,Unknown,2025-03-17 07:58:59,1742198339278.0,$CRV Back to a dollar.,2025-04-02 15:05:51
356244465,Unknown,2025-03-15 13:34:45,1742045685033.0,$CRV 0.99 very soon,2025-04-02 15:05:54
356237455,Unknown,2025-03-15 05:46:21,1742017581182.0,"$CRV strengthens, targeting $0.87 from $0.31 support. Bitcoinâ€™s bullish trajectory fuels momentum. Traders should track key resistance levels for trade planning.
Left behind in the last run? Follow us on Twitter now and stay ahead next time:
  x.com/decilizer",2025-04-02 15:05:54
356210735,Unknown,2025-03-14 13:34:45,1741959285061.0,"$CRV strengthens, targeting $0.87 from $0.31 support. Bitcoinâ€™s bullish trajectory fuels momentum. Traders should track key resistance levels for trade planning.
Left behind in the last run? Follow us on Twitter now and stay ahead next time:
  x.com/decilizer",2025-04-02 15:05:58
356215033,Unknown,2025-03-14 12:30:57,1741955457145.0,$CRV I m bullish,2025-04-02 15:05:59
356200079,Unknown,2025-03-14 03:10:54,1741921854960.0,I'm bullish on $CRV,2025-04-02 15:05:59
356192295,Unknown,2025-03-13 21:34:45,1741901685114.0,"yUSD/sDOLA pool on Curve (
@ethereum
) is live.
@InverseFinance
â€™s sDOLA brings the heatâ€”
â–¶ï¸11.74% APY
â–¶ï¸41.23% CRV rewards
â–¶ï¸2x YieldCrumbs
$610k Pool TVL locked in
Stack yields, farm CRV, flex on the degens.
Dive in:
  bit.ly/yUSDsDOLA",2025-04-02 15:06:13
356183876,Unknown,2025-03-13 17:18:32,1741886312386.0,I'm bearish on $CRV 0.1$,2025-04-02 15:06:14
356143961,Unknown,2025-03-12 12:28:45,1741782525053.0,"Smart money knows where the real yield is! ğŸ‘€
Someone just minted $100k worth of $yUSD and deployed on curve yUSD/sDOLA pool ğŸ”¥
What are the earnings on this?
Native APY on yUSD ~19% + curve LP Pool APY ~ 13.8% + CRV APR upto 48.5% + 2x Yield Crumbs ğŸ¤‘
Who's next? ğŸ‘‰
  t.co/xEFgIQ6CHr
  t.co/oRdiyMw00K
https://t.co/xEFgIQ6CHr
YieldFi | World's First Onchain Asset Management Platform
DeFAI agents to find best delta-neutral yield across DeFi blue chip protocols. Earn 20%+ APY with daily compounding rewards on yUSD. Start your journey today!",2025-04-02 15:06:52
356131559,Unknown,2025-03-12 03:01:52,1741748512800.0,"New RabbitX Listing!: You can now trade CRV with 0 fee trading at
https://rabbitx.com/trade/CRV
RabbitX - Trade Decentralised Perpetuals
Zero-fee decentralised derivatives exchange (DEX) built on Starknet. 20x leverage, global access.",2025-04-02 15:06:55
356124649,Unknown,2025-03-11 22:37:30,1741732650160.0,"Tried swapping $CRV todayâ€”honestly the best experience Iâ€™ve had. Instant execution, no delays. Just perfect! ğŸ™Œ
#DeFi
#YieldFarming
#Crypto
#SushiSwap",2025-04-02 15:06:56
356123501,Unknown,2025-03-11 21:04:30,1741727070416.0,"Tried swapping $CRV todayâ€”honestly the best experience Iâ€™ve had. Instant execution, no delays. Just perfect! ğŸ™Œ
#DeFi
#YieldFarming
#Crypto
#SushiSwap",2025-04-02 15:06:59
356116861,Unknown,2025-03-11 18:39:06,1741718346999.0,$CRV Back to a dollar soon!,2025-04-02 15:07:00
356118318,Unknown,2025-03-11 17:55:14,1741715714106.0,"If you've been in the
#crypto
market long enough, you'll notice similar incidents where attackers exploit a platform's weaknesses and transparency.
Examples :
- A user attacked Mango Markets by opening a long position on an obscure token, pumping its price 1,000x, then depositing the token as collateral to borrow stablecoins.
- Avi shorted $CRV, forcing the
#Curve
founder into liquidation
- Attacking AAVE, leaving around $2.5 million in bad debt for the lending platform.",2025-04-02 15:07:01
356075162,Unknown,2025-03-10 17:14:10,1741626850998.0,"$CRV is stabilizing near the breakout level of its weekly falling wedge.

Strong support is forming, with bullish RSI divergence signaling momentum.

A confirmed bounce could send it toward $0.53, $0.72, $0.88, and beyond.
#CMC Quest: Earn Rewards#",2025-04-02 15:07:13
356068233,Unknown,2025-03-10 15:07:27,1741619247516.0,Iâ€™m bullish on$CRV,2025-04-02 15:07:16
356063909,Unknown,2025-03-10 12:25:12,1741609512750.0,"$CRV is back in the green zone ğŸŸ¢

ğŸ“ Following a strong rally,
#CRV
reached orange zoneğŸŸ  and encountered a natural correction. Now, fear ğŸŸ¦ has returned, and the price is approaching key support.

ğŸ’¡ This setup resembles previous accumulation periods before significant moves. While a deeper dip is possible, historically, these zones have offered solid opportunities.",2025-04-02 15:07:30
355931080,Unknown,2025-03-06 19:20:30,1741288830732.0,"$CRV Implementation of the downtrend after the breakdown of support level (0.3745).
Initial post -
  coinmarketcap.com/community/po...
Post 2 -
  coinmarketcap.com/community/po...

  www.tradingview.com/chart/CRVU...

Public reporting on current and previous notes -
  docs.google.com/spreadsheets/d...

#Trading
#Analysis",2025-04-02 15:07:39
355915273,Unknown,2025-03-06 12:30:44,1741264244550.0,"$CRV Breakdown horizontal support level (0.3745).
Initial post -
  coinmarketcap.com/community/po...

  www.tradingview.com/chart/CRVU...

Public reporting on current and previous notes -
  docs.google.com/spreadsheets/d...

#Trading
#Analysis",2025-04-02 15:07:42
355910675,Unknown,2025-03-06 09:03:25,1741251805370.0,"$CRV Determination of the nearest levels (15min):
Support (0.3745);
Resistance (0.3968).

  www.tradingview.com/chart/CRVU...

Public reporting on current and previous notes -
  docs.google.com/spreadsheets/d...

#Trading
#Analysis",2025-04-02 15:07:43
355905187,Unknown,2025-03-06 04:49:40,1741236580588.0,"$CRV Determination of the nearest levels (15min):
Support (0.3745);
Resistance (0.3968).

  www.tradingview.com/chart/CRVU...

Public reporting on current and previous notes -
  docs.google.com/spreadsheets/d...

#Trading
#Analysis",2025-04-02 15:07:43
355887134,Unknown,2025-03-05 17:11:21,1741194681506.0,"$CRV Determination of the nearest levels (15min):
Support (0.3745);
Resistance (0.3968).

  www.tradingview.com/chart/CRVU...

Public reporting on current and previous notes -
  docs.google.com/spreadsheets/d...

#Trading
#Analysis",2025-04-02 15:07:44
355875242,Unknown,2025-03-05 10:41:32,1741171292347.0,$CRV Please what do you think of the crv? in future weeks/months etc.,2025-04-02 15:07:45
355871000,Unknown,2025-03-05 09:56:30,1741168590134.0,"$CRV $GEAR
What's better than sUSDe's yield? Llamathena's combined yields from sUSDe and scrvUSD on Curve Finance.
Earn up to

â€¢ 58% APY
â€¢ 286X Ethena Points

Maximise your points and your yields without market volatility:",2025-04-02 15:07:58
355837671,Unknown,2025-03-04 11:31:11,1741087871483.0,I'm bullish on ğŸ’– $CRV,2025-04-02 15:07:59
355790409,Unknown,2025-03-03 11:00:27,1740999627175.0,Iâ€™m bullish on$CRV,2025-04-02 15:08:00
355784230,Unknown,2025-03-03 08:49:05,1740991745846.0,Iâ€™m bullish on$CRV,2025-04-02 15:08:00
355755529,Unknown,2025-03-02 20:19:36,1740946776399.0,Iâ€™m bullish on$CRV,2025-04-02 15:08:09
355750985,Unknown,2025-03-02 18:08:57,1740938937850.0,"$CRV
ready for next up .. if
#Bitcoin
sustain here and
#whales
doesn't manipulate enough.
Target: 0.50-0.53
Check my BIO for UPCOMING SIGNALS ğŸ’°ğŸ’¸",2025-04-02 15:08:12
355750850,Unknown,2025-03-02 17:52:58,1740937978597.0,"$CRV Strong Bullish Momentum! ğŸ’¯ğŸ”¥ Ready to Catch the Waves? ğŸ“ˆğŸ’¯âœ…
Current Price: $0.4412
24h Range: $0.3685 â€“ $0.4433
Volume: 80.61M CRV / 32.59M USDT

Trade Strategy:
ğŸ”¹ Long Entry: $0.4350 â€“ $0.4450
Stop Loss: $0.4000 (below recent support)
Take Profit Levels:
ğŸ¯ Target 1: $0.4550 (minor resistance)
ğŸ¯ Target 2: $0.4800 (key breakout level)
ğŸ¯ Target 3: $0.5200 (strong psychological level)
ğŸ”¹ Short Entry: If rejection at $0.4550 â€“ $0.4600
Stop Loss: $0.4700

#BBWDocuSeries
#TrumpCongressSpeech
#WhiteHouseCryptoSummit
#GPSonBinance
#USTariffs",2025-04-02 15:08:13
355731084,Unknown,2025-03-02 01:34:45,1740879285179.0,"I'm bullish on $CRV very easy trigger, easy invalidation. FOLLOW US FOR MORE premium charts",2025-04-02 15:08:14
355717460,Unknown,2025-03-01 15:51:28,1740844288937.0,$CRV $1.05 very soon,2025-04-02 15:08:15
355717392,Unknown,2025-03-01 15:38:51,1740843531595.0,I'm bullish on $CRV 7$ comming,2025-04-02 15:08:15
355600457,Unknown,2025-02-26 18:14:57,1740593697063.0,$CRV the only coin u should go all in. super bulish,2025-04-02 15:08:24
355590861,Unknown,2025-02-26 14:03:27,1740578607080.0,"$CRV ğŸ”¥ğŸ”¥ğŸ”¥ğŸ”¥ 19x.61ğŸ”¥ğŸ”¥ğŸ”¥ğŸ”¥
ğŸŸ¢ğŸŸ¢ğŸŸ¢ğŸŸ¢ğŸ’¹ğŸ’¹ğŸ’¹ğŸ’¹ğŸ’¹ğŸ’¹ğŸ’²ğŸš€ğŸš€ğŸš€ğŸš€ğŸš€ğŸ‡ğŸ‡ğŸ‡ğŸ‡ğŸ—½ğŸ—½ğŸ—½ğŸ—½ğŸ—½",2025-04-02 15:08:27
355578406,Unknown,2025-02-26 07:28:59,1740554939508.0,$CRV Bear Trap.,2025-04-02 15:08:28
355571001,Unknown,2025-02-26 00:08:29,1740528509729.0,$CRV Bear Trap.,2025-04-02 15:08:29
355536052,Unknown,2025-02-25 07:53:11,1740469991998.0,I'm bullish on ğŸš€ğŸš€ $CRV,2025-04-02 15:08:32
355522714,Unknown,2025-02-24 23:25:45,1740439545152.0,$CRV ğŸ”¥ğŸ”¥ğŸ”¥ GO ğŸ”¥ğŸ”¥ğŸ”¥ GOğŸ¥³ğŸ¥³ğŸ¥³ğŸŸ¢ğŸŸ¢ğŸŸ¢10xğŸ’²ğŸ’²ğŸ’²ğŸš€ğŸš€ğŸš€ğŸš€,2025-04-02 15:08:35
355513807,Unknown,2025-02-24 19:58:12,1740427092678.0,"name: $CRV

Position: Short

ğŸ”–Entry 0.4527

ğŸ”–Entry ..

Target1ï¸âƒ£ 0.4506

Target2ï¸âƒ£ 0.4480

Target3ï¸âƒ£ 0.4418

â›”ï¸Stop loss 0.4611",2025-04-02 15:08:51
355512914,Unknown,2025-02-24 19:55:28,1740426928161.0,$CRV what is this mess? Red everywhere you watch.,2025-04-02 15:08:52
355513573,Unknown,2025-02-24 19:30:16,1740425416951.0,Iâ€™m bullish on$CRV,2025-04-02 15:09:03
355509249,Unknown,2025-02-24 16:41:54,1740415314104.0,"$CRV Successful implementation of the downtrend scenario after the breakdown of support level (0.5032 and 0.453).
Initial post -
  coinmarketcap.com/community/po...
Post 2 -
  coinmarketcap.com/community/po...
Post 3 -
  coinmarketcap.com/community/po...

  www.tradingview.com/chart/CRVU...

Public reporting on current and previous notes -
  docs.google.com/spreadsheets/d...

#Trading
#Analysis",2025-04-02 15:09:04
355405795,Unknown,2025-02-22 12:17:06,1740226626644.0,$CRV what a Fxxxxxx shits token,2025-04-02 15:09:13
355406194,Unknown,2025-02-22 10:30:02,1740220202677.0,$CRV ğŸ”¥ğŸ”¥ğŸ”¥10xğŸ”¥ğŸ”¥ğŸ”¥ğŸŸ¢ğŸŸ¢ğŸŸ¢ğŸŸ¢ğŸŒğŸŒğŸŒğŸŒ„ğŸŒ„ğŸŒ„ğŸš€ğŸš€ğŸš€ğŸ’²ğŸ’²ğŸ’²,2025-04-02 15:09:13
355394464,Unknown,2025-02-22 05:05:14,1740200714614.0,$CRV ğŸ”¥ğŸ”¥ğŸ”¥10xğŸ”¥ğŸ”¥ğŸ”¥ğŸŸ¢ğŸŸ¢ğŸŸ¢ğŸŸ¢ğŸŒğŸŒğŸŒğŸŒ„ğŸŒ„ğŸŒ„ğŸš€ğŸš€ğŸš€ğŸ’²ğŸ’²ğŸ’²,2025-04-02 15:09:14
355376416,Unknown,2025-02-21 19:41:10,1740166870580.0,Iâ€™m bullish on$CRV,2025-04-02 15:09:17
355378097,Unknown,2025-02-21 19:33:24,1740166404059.0,$CRV clown coin just shoot to the moon comes on. why is this coin not moving when eth is shooting up. Moving a little when all the other coins shoot to the moon and drop into hell when other coins drop a little. What a mockery jokes this is! All the shorters are clowns.,2025-04-02 15:09:17
355373289,Unknown,2025-02-21 18:01:11,1740160871887.0,"$CRV wait for entry
Put the first TP AT FIRST Resistance",2025-04-02 15:09:19
355357857,Unknown,2025-02-21 12:56:08,1740142568252.0,$CRV be patient we wil be the winner,2025-04-02 15:09:46
355334034,Unknown,2025-02-20 20:37:45,1740083865047.0,$CRV Refueling for the flight to $3ğŸš€ğŸ›«,2025-04-02 15:09:49
355325067,Unknown,2025-02-20 16:45:28,1740069928284.0,"$CRV *Retesting horizontal support level (0.5032).
Initial post -
  coinmarketcap.com/community/po...
Post 2 -
  coinmarketcap.com/community/po...

  www.tradingview.com/chart/CRVU...

Public reporting on current and previous notes -
  docs.google.com/spreadsheets/d...

#Trading
#Analysis",2025-04-02 15:10:00
355319366,Unknown,2025-02-20 15:00:43,1740063643954.0,"New $FRAX stablecoin $frxUSD debuting this week on Curve with high base and $CRV rewards in LPs.

$frxUSD backed by Blackrock and Superstate tokenized bonds.

Check this new pools:
  bit.ly/curve-frxusd-lps",2025-04-02 15:10:12
355310106,Unknown,2025-02-20 12:00:26,1740052826666.0,"ğŸ”¹Bribes are live for yUSD/sDOLA on Curve ğŸ”¹
Hereâ€™s why this matters and how you can earn â¤µï¸
1ï¸âƒ£
@InverseFinance
is deploying incentives to bribe vlCVX holders.
â†’ This drives vlCVX votes to the pool, which increases $CRV emissions.
2ï¸âƒ£ The bribe multiplier (1.55x) enhances rewards.
â†’ More votes = More CRV for LPs.
3ï¸âƒ£ The result? LPs are stacking:
ğŸ’° 10,000% APR in CRV
ğŸ“ˆ 16%+ Native APY
ğŸª 2x YieldCrumbs for LPs
The cycle repeats â†’ More liquidity â†’ Higher emissions â†’ More rewards. ğŸŒ€
Get inğŸ”½
ğŸ”—
  curve.fi/dex/#/ethereum/pools/...",2025-04-02 15:10:12
355306301,Unknown,2025-02-20 09:49:07,1740044947275.0,"ğŸ”¹Bribes are live for yUSD/sDOLA on Curve ğŸ”¹
Hereâ€™s why this matters and how you can earn â¤µï¸
1ï¸âƒ£
@InverseFinance
is deploying incentives to bribe vlCVX holders.
â†’ This drives vlCVX votes to the pool, which increases $CRV emissions.
2ï¸âƒ£ The bribe multiplier (1.55x) enhances rewards.
â†’ More votes = More CRV for LPs.
3ï¸âƒ£ The result? LPs are stacking:
ğŸ’° 10,000% APR in CRV
ğŸ“ˆ 16%+ Native APY
ğŸª 2x YieldCrumbs for LPs
The cycle repeats â†’ More liquidity â†’ Higher emissions â†’ More rewards. ğŸŒ€
Get inğŸ”½
ğŸ”—
  curve.fi/dex/#/ethereum/pools/...",2025-04-02 15:10:13
355251481,Unknown,2025-02-19 21:49:45,1740001785067.0,$CRV They can't stop the Bulls forever. Stampede to the Mars Hotel!,2025-04-02 15:10:14
355274635,Unknown,2025-02-19 20:47:57,1739998077913.0,"$CRV - Price analysis: [NEUTRAL]
The main trend remain pretty bearish [W] - [D1]
Very neutral zone [H4] range â³
Not a safe asset to be traded yet.
-Range high: 0.600$
-Range low: 0.5400$
-Mid range: 0.4600$
...
Read all",2025-04-02 15:10:14
355227509,Unknown,2025-02-19 08:04:43,1739952283300.0,"$CRV - Price analysis: [NEUTRAL]

The main trend remain pretty bearish [W] - [D1]

Very neutral zone [H4] range â³

Not a safe asset to be traded yet.

-Range high: 0.600$
-Range low: 0.5400$
-Mid range: 0.4600$

I think it's better to trade & focus on trend asset like and at the moment.

I don't show all charts, but zooming on the weekly view, prices could dump toward 0.3500 or 0.3100$ key supports next ğŸ“‰âš ï¸

â¡ï¸Monitor a weekly candle close above 0.550$! [REQUIRED FOR THE BULLS]

#CRV
#CurveFinance",2025-04-02 15:10:26
355248960,Unknown,2025-02-19 08:02:57,1739952177638.0,"$CRV - Price analysis: [NEUTRAL]

The main trend remain pretty bearish [W] - [D1]

Very neutral zone [H4] range â³

Not a safe asset to be traded yet.

-Range high: 0.600$
-Range low: 0.5400$
-Mid range: 0.4600$

I think it's better to trade & focus on trend asset like and at the moment.

I don't show all charts, but zooming on the weekly view, prices could dump toward 0.3500 or 0.3100$ key supports next ğŸ“‰âš ï¸

â¡ï¸Monitor a weekly candle close above 0.550$! [REQUIRED FOR THE BULLS]

#CRV
#CurveFinance",2025-04-02 15:10:27
355226661,Unknown,2025-02-19 06:55:26,1739948126729.0,"$CRV - Price analysis: [NEUTRAL]

The main trend remain pretty bearish [W] - [D1]

Very neutral zone [H4] range â³

Not a safe asset to be traded yet.

-Range high: 0.600$
-Range low: 0.5400$
-Mid range: 0.4600$

I think it's better to trade & focus on trend asset like and at the moment.

I don't show all charts, but zooming on the weekly view, prices could dump toward 0.3500 or 0.3100$ key supports next ğŸ“‰âš ï¸

â¡ï¸Monitor a weekly candle close above 0.550$! [REQUIRED FOR THE BULLS]

#CRV
#CurveFinance",2025-04-02 15:10:28
355237499,Unknown,2025-02-18 18:37:45,1739903865119.0,$CRV dead bones shall rise again. I'll Hodl for as long as possible. Must make good profit on this project . $2 by May this year is possible for $CRV.,2025-04-02 15:10:40
355203705,Unknown,2025-02-18 17:05:47,1739898347966.0,$CRV ğŸŸ¢ğŸŸ¢ğŸŸ¢ğŸš€ğŸš€ğŸš€ğŸŒ„ğŸŒ„ğŸŒ„ğŸ’²ğŸ’²ğŸ’²ğŸ’²ğŸ’²ğŸ’²ğŸ”¥ğŸ”¥ğŸ”¥10xğŸ”¥ğŸ”¥ğŸ”¥ğŸ¥³ğŸ¥³ğŸ¥³ğŸ¥³ğŸ¥³ğŸ¥³ğŸ¥³,2025-04-02 15:10:41
355223968,Unknown,2025-02-18 15:38:40,1739893120395.0,"$CRV Perfect, stable and fundamental DeFi project. If you are looking for good investment with low risk, this is it.",2025-04-02 15:10:42
355179396,Unknown,2025-02-18 05:53:23,1739858003004.0,"$CRV Next month we are going to see 1$ on this token, be patient.",2025-04-02 15:10:45
355177092,Unknown,2025-02-18 02:13:45,1739844825076.0,$CRV Best and stable investment!,2025-04-02 15:10:46
355074578,Unknown,2025-02-16 15:41:23,1739720483052.0,$CRV BULLRUN INCOMING,2025-04-02 15:10:53
355070919,Unknown,2025-02-16 08:05:38,1739693138245.0,"$CRV Huge potential, very bullish.",2025-04-02 15:10:57
355077016,Unknown,2025-02-15 17:00:38,1739638838285.0,I'm bullish on ğŸš€ğŸš€$CRV,2025-04-02 15:10:57
355068954,Unknown,2025-02-15 16:59:40,1739638780602.0,I'm bullish on ğŸš€ğŸš€$CRV,2025-04-02 15:10:58
355059198,Unknown,2025-02-15 09:19:45,1739611185758.0,$CRV This is the ideal time to buy more crv,2025-04-02 15:11:01
355057868,Unknown,2025-02-15 08:09:32,1739606972298.0,"$CRV


Went down below of the downtrend, currently retesting a strong level of support. Expecting to see some reversal to the upside from here, but our only buy is above of the trend, once we break from above of the 0.6 psychological resistance.",2025-04-02 15:11:02
355055144,Unknown,2025-02-15 03:41:30,1739590890449.0,"$CRV


Went down below of the downtrend, currently retesting a strong level of support. Expecting to see some reversal to the upside from here, but our only buy is above of the trend, once we break from above of the 0.6 psychological resistance.",2025-04-02 15:11:13
355033482,Unknown,2025-02-14 20:08:11,1739563691748.0,"$CRV


Went down below of the downtrend, currently retesting a strong level of support. Expecting to see some reversal to the upside from here, but our only buy is above of the trend, once we break from above of the 0.6 psychological resistance.",2025-04-02 15:11:14
354998012,Unknown,2025-02-14 09:32:07,1739525527109.0,"$CRV I'd rather invest in memes

This coin is very weak",2025-04-02 15:11:15
354979897,Unknown,2025-02-14 08:15:29,1739520929738.0,$CRV What the hell is with this coin? Why is she falling faster than others?,2025-04-02 15:11:26
354957293,Unknown,2025-02-14 02:41:35,1739500895434.0,$CRV had its pump already before end of btc cycle,2025-04-02 15:11:27
354946979,Unknown,2025-02-13 21:35:05,1739482505833.0,$CRV when are u going to increase like come on all the other coins have already increase drastically and u still stuck in the mud.,2025-04-02 15:11:28
354946872,Unknown,2025-02-13 21:20:05,1739481605309.0,$CRV when are u going to increase like come on all the other coins have already increase drastically and u still stuck in the mud.,2025-04-02 15:11:28
354972861,Unknown,2025-02-13 17:07:45,1739466465103.0,$CRV be patient this will be ready to pump one or two weeks after now is very CHEAP unblievly CHEAP extemly very CHEAAPPPPâ€¦.,2025-04-02 15:11:32
354925776,Unknown,2025-02-12 16:57:09,1739379429434.0,$CRVğŸ”¥ğŸ”¥ğŸ”¥ crv go 100xğŸ”¥ğŸ”¥ğŸ”¥ğŸ¥°ğŸ¥°ğŸ¥° ğŸ’²ğŸ’²ğŸ’²ğŸŒ„ğŸŒ„ğŸŒ„,2025-04-02 15:11:40
354910341,Unknown,2025-02-12 10:34:45,1739356485100.0,$CRV will never reach itâ€™s all time high ever again,2025-04-02 15:11:43
354850911,Unknown,2025-02-11 21:25:00,1739309100476.0,Iâ€™m bullish on$CRV,2025-04-02 15:11:44
354886453,Unknown,2025-02-11 17:52:14,1739296334265.0,Buy cheap now.....Enjoy later ğŸš€$CRV,2025-04-02 15:11:44
354848317,Unknown,2025-02-11 16:17:30,1739290650192.0,$CRV still very cheap extremly cheap,2025-04-02 15:11:45
354847774,Unknown,2025-02-11 15:33:40,1739288020473.0,"$CRV it's price is a lot under launch date price, no thank you",2025-04-02 15:11:46
354846694,Unknown,2025-02-11 13:52:58,1739281978219.0,"CRYPTO REPORT OF THE DAY:
Here are the Top 3 LosersğŸ”´
1ï¸âƒ£
#Ethena
( $ENA )
ğŸ”½11.48%
ğŸ·$0.4294
2ï¸âƒ£
#CurveDAOToken
( $CRV )
ğŸ”½10.52%
ğŸ·$0.5193
3ï¸âƒ£
#SPX6900
( $SPX )
ğŸ”½10.43%
ğŸ·$0.7141",2025-04-02 15:11:56
354834014,Unknown,2025-02-11 12:27:01,1739276821173.0,"CRYPTO REPORT OF THE DAY:
Here are the Top 3 LosersğŸ”´
1ï¸âƒ£
#Ethena
( $ENA )
ğŸ”½11.48%
ğŸ·$0.4294
2ï¸âƒ£
#CurveDAOToken
( $CRV )
ğŸ”½10.52%
ğŸ·$0.5193
3ï¸âƒ£
#SPX6900
( $SPX )
ğŸ”½10.43%
ğŸ·$0.7141",2025-04-02 15:11:56
354823577,Unknown,2025-02-11 09:49:01,1739267341437.0,"Curve DAO Token ($CRV) struggles in a bearish trend, with recent attempts at recovery failing to break its downtrend.

  blockchainreporter.net/curve-d...",2025-04-02 15:12:00
354821323,Unknown,2025-02-11 07:45:01,1739259901248.0,"$CRV Michael Egorov, Founder of Curve Finance shared ""Few thoughts about DeFi and the future of Finance""

  cointelegraph.com/news/institu...",2025-04-02 15:12:31
354840713,Unknown,2025-02-10 21:05:50,1739221550052.0,$CRV is very cheap these prices hard to see in future be patient and be rich,2025-04-02 15:12:40
354840385,Unknown,2025-02-10 20:17:21,1739218641482.0,$CRV is very cheap these prices hard to see in future be patient and be rich,2025-04-02 15:12:40
354799465,Unknown,2025-02-10 13:57:48,1739195868653.0,$CRV is very cheap these prices hard to see in future be patient and be rich,2025-04-02 15:12:41
354783430,Unknown,2025-02-10 09:49:48,1739180988162.0,$CRV your going to be crying for not buying at these prices in the near future,2025-04-02 15:12:44
354778407,Unknown,2025-02-10 03:23:41,1739157821344.0,"$CRV

Curve DAO Token (
#CRV
) is currently testing a key Fibonacci support zoneğŸ“Š

The price is bouncing from the 0.786 Fibonacci retracement level, which aligns with strong historical supportğŸš€


...
Read all",2025-04-02 15:12:45
354751731,Unknown,2025-02-09 22:17:16,1739139436573.0,"$CRV

Curve DAO Token (
#CRV
) is currently testing a key Fibonacci support zoneğŸ“Š

The price is bouncing from the 0.786 Fibonacci retracement level, which aligns with strong historical supportğŸš€


...
Read all",2025-04-02 15:12:46
354764513,Unknown,2025-02-09 16:37:11,1739119031790.0,$CRV now is very cheap time to win,2025-04-02 15:12:46
354158919,Unknown,2025-02-07 16:28:45,1738945725049.0,$CRV now is very cheap time to win,2025-04-02 15:12:49
354176275,Unknown,2025-02-07 16:04:26,1738944266078.0,"$CRV/USDT Market Watch

Current Price: $0.5352 (+4.41%)

Category: DeFi

ğŸ“Š Trading Data:

24h High: $0.5459

24h Low: $0.4911

24h Volume (CRV): 56.41M

24h Volume (USDT): 29.16M

ğŸ“ˆ Key Levels:

Resistance: $0.5482, $0.5459

Support: $0.5282, $0.5181, $0.5004

ğŸ’¡ Market Insight:
With CRV breaking above $0.535, bulls may aim for $0.5482 if momentum sustains. However, a decline toward $0.5004 remains possible if selling pressure increases.
#CryptoMoves
#CRV
#DeFi
#MarketWatch",2025-04-02 15:13:15
354154383,Unknown,2025-02-07 15:47:54,1738943274031.0,Iâ€™m bullish on$CRV,2025-04-02 15:13:16
354003603,Unknown,2025-02-07 08:39:41,1738917581263.0,"$CRV $AAVE

#CRV
This is the lowest support for the moment If you still have a Conviction on this Coin, buy from here with a minimum target of 20%+
Source : 
  t.me/+GJWlvakWDO0xMzgx
#BlackRock
#Macro Insights#
#CMC Smart Quests#",2025-04-02 15:13:24
353827208,Unknown,2025-02-06 17:30:58,1738863058591.0,I'm bullish on $CRV,2025-04-02 15:13:27
353753949,Unknown,2025-02-06 13:38:46,1738849126673.0,"$CRV Surges with an 8.05% Pump! ğŸš€

The Curve DAO Token (
#CRV
) has shown strong bullish momentum, surging 8.05% from $0.476 to $0.514 USDT in a solid breakout move! ğŸ“ˆğŸ”¥

Key Takeaways from This Pump:

âœ… Strong Buying Pressure â€“ Increased demand has pushed the price higher.
âœ… Technical Breakout â€“ CRV is gaining traction, breaking through resistance zones.
âœ… Volume Expansion â€“ Rising volume confirms trader interest and potential for continued movement.

Whatâ€™s Next for
#CRV
?

ğŸ”¸ If momentum sustains, we could see a test of higher resistance levels, possibly pushing towards the $0.55-$0.60 range.
ğŸ”¸ Pullback or Retest? A short-term retracement could provide a new entry opportunity before the next leg up.
ğŸ”¸ Market sentiment around DeFi tokens and broader crypto trends will play a crucial role in sustaining this uptrend.

Final Thoughts

#CRV
â€™s latest pump signals renewed bullish interest, and traders should keep an eye on volume and key levels for confirmation of further upside! Will this rally continue? Letâ€™s see where it goes next! ğŸš€

#CRV
/USDT",2025-04-02 15:13:28
353728140,Unknown,2025-02-06 09:12:09,1738833129716.0,"$CRV Surges with an 8.05% Pump! ğŸš€

The Curve DAO Token (
#CRV
) has shown strong bullish momentum, surging 8.05% from $0.476 to $0.514 USDT in a solid breakout move! ğŸ“ˆğŸ”¥

Key Takeaways from This Pump:

âœ… Strong Buying Pressure â€“ Increased demand has pushed the price higher.
âœ… Technical Breakout â€“ CRV is gaining traction, breaking through resistance zones.
âœ… Volume Expansion â€“ Rising volume confirms trader interest and potential for continued movement.

Whatâ€™s Next for
#CRV
?

ğŸ”¸ If momentum sustains, we could see a test of higher resistance levels, possibly pushing towards the $0.55-$0.60 range.
ğŸ”¸ Pullback or Retest? A short-term retracement could provide a new entry opportunity before the next leg up.
ğŸ”¸ Market sentiment around DeFi tokens and broader crypto trends will play a crucial role in sustaining this uptrend.

Final Thoughts

#CRV
â€™s latest pump signals renewed bullish interest, and traders should keep an eye on volume and key levels for confirmation of further upside! Will this rally continue? Letâ€™s see where it goes next! ğŸš€

#CRV
/USDT",2025-04-02 15:13:29
353731771,Unknown,2025-02-06 08:40:29,1738831229170.0,"$CRV Surges with an 8.05% Pump! ğŸš€

The Curve DAO Token (
#CRV
) has shown strong bullish momentum, surging 8.05% from $0.476 to $0.514 USDT in a solid breakout move! ğŸ“ˆğŸ”¥

Key Takeaways from This Pump:

âœ… Strong Buying Pressure â€“ Increased demand has pushed the price higher.
âœ… Technical Breakout â€“ CRV is gaining traction, breaking through resistance zones.
âœ… Volume Expansion â€“ Rising volume confirms trader interest and potential for continued movement.

Whatâ€™s Next for
#CRV
?

ğŸ”¸ If momentum sustains, we could see a test of higher resistance levels, possibly pushing towards the $0.55-$0.60 range.
ğŸ”¸ Pullback or Retest? A short-term retracement could provide a new entry opportunity before the next leg up.
ğŸ”¸ Market sentiment around DeFi tokens and broader crypto trends will play a crucial role in sustaining this uptrend.

Final Thoughts

#CRV
â€™s latest pump signals renewed bullish interest, and traders should keep an eye on volume and key levels for confirmation of further upside! Will this rally continue? Letâ€™s see where it goes next! ğŸš€

#CRV
/USDT",2025-04-02 15:13:29
353713601,Unknown,2025-02-06 05:40:52,1738820452080.0,Iâ€™m bullish on$CRV,2025-04-02 15:13:30
353718517,Unknown,2025-02-06 05:39:40,1738820380257.0,"$CRV USR-DOLA pool
  curve.fi/dex/#/ethereum/pools/...
is now live on Curve, expanding decentralized liquidity with strong incentives for LPs.

â†’ 30 Resolv Points per $1 of liquidity/day
â†’ Trading fees from swaps
â†’ Additional liquid rewards

$DOLA brings stability through credit-based issuance, while $USR is backed by $ETH and delta-neutral strategies. Together, we build a deep, resilient liquidity market for DeFi. Keep resolving!",2025-04-02 15:13:41
353696123,Unknown,2025-02-06 02:22:49,1738808569799.0,"you guys are saying again that $CRV are going to 0, but last time after the same phrases and disbelief it went up ğŸ¤·â€â™‚ï¸ğŸ˜…",2025-04-02 15:13:42
353550366,Unknown,2025-02-05 21:19:24,1738790364143.0,$CRV staying alive..,2025-04-02 15:13:42
353492847,Unknown,2025-02-05 19:27:09,1738783629850.0,$CRV staying alive..,2025-04-02 15:13:43
353410447,Unknown,2025-02-05 18:40:45,1738780845049.0,"$CRV Ethena on Curve on Gearbox. You can farm yield and Ethena sats with leverage on Gearbox $GEAR

  x.com/GearboxProtocol/status/1...",2025-04-02 15:13:54
353296253,Unknown,2025-02-05 08:52:56,1738745576797.0,"$CRV is gaining momentum with a target of $0.98 and support at $0.36. Bitcoinâ€™s bullish trend is lifting $CRV higher, presenting attractive opportunities. Watch Bitcoinâ€™s dominance closely, as any significant market shifts could propel $CRV to new highs.",2025-04-02 15:14:03
353294834,Unknown,2025-02-05 08:26:29,1738743989224.0,$CRV bullish,2025-04-02 15:14:03
353185324,Unknown,2025-02-04 19:17:24,1738696644993.0,$CRV bullish,2025-04-02 15:14:04
353168400,Unknown,2025-02-04 17:32:39,1738690359872.0,$CRV bullish,2025-04-02 15:14:04
353057869,Unknown,2025-02-04 12:12:14,1738671134599.0,"Starting tomorrow, BOLD / USDC and BOLD / LUSD pools on
@CurveFinance
will be eligible for CRV rewards
There are already ~770k veCRV votes allocated to the BOLD/USDC pool.
This is on top of the PIL rewards that the pools receive!
Vote here:
  curve.fi/dao/#/ethereum/gauges",2025-04-02 15:14:05
353052948,Unknown,2025-02-04 09:27:52,1738661272848.0,"Starting tomorrow, BOLD / USDC and BOLD / LUSD pools on
@CurveFinance
will be eligible for CRV rewards
There are already ~770k veCRV votes allocated to the BOLD/USDC pool.
This is on top of the PIL rewards that the pools receive!
Vote here:
  curve.fi/dao/#/ethereum/gauges",2025-04-02 15:14:06
353063996,Unknown,2025-02-04 07:41:01,1738654861170.0,"ğŸ’° It's so nice to finally say it - well done $CRV !)
Keep up the good work.
We have bought
#CRVUSDT
in a copy trading, according to our idea, and expect the price will rise in wave 5.",2025-04-02 15:14:20
353026693,Unknown,2025-02-04 06:08:50,1738649330573.0,"$CRV IT IS COMING GUYS!!!! 2:30 PM EST!
WE ARE GOING TO THE MOON! FINALLY!",2025-04-02 15:14:21
352941732,Unknown,2025-02-03 22:48:25,1738622905396.0,"$CRV Pump it up! Waiting for Trump to start Alt Season. Patience, it's coming!",2025-04-02 15:14:21
352898939,Unknown,2025-02-03 16:27:04,1738600024362.0,"$CRV Pump it up! Waiting for Trump to start Alt Season. Patience, it's coming!",2025-04-02 15:14:24
352898103,Unknown,2025-02-03 16:09:12,1738598952697.0,Iâ€™m bullish on$CRV,2025-04-02 15:14:36
352897336,Unknown,2025-02-03 15:52:44,1738597964035.0,"#CRV
$CRV
I wrote about this asset earlier. It broke the triangle to the downside, took liquidity, and now its fate depends on what happens in the next two days. Iâ€™ve marked the support area where we need to watch for the buyerâ€”if they show activity, we might see another move to update the local high.

Overall, I donâ€™t like whatâ€™s happening with Bitcoin dominance right now. For now, Iâ€™m only opening trades on Bitcoin.

My Telegram channel with signals and useful informationğŸ‘‰
  t.me/+EFRyRA7X_soyMDEy",2025-04-02 15:14:36
352964475,Unknown,2025-02-03 14:56:18,1738594578563.0,"$TAIKO incentives program on $CRV - details which are so needed for farmers!

Look at this APY's

  news.curve.fi/taiko-incentives...",2025-04-02 15:14:37
352871332,Unknown,2025-02-03 08:14:28,1738570468307.0,$CRV Just buy CRV and wait for it,2025-04-02 15:15:03
352883242,Unknown,2025-02-03 06:03:21,1738562601684.0,"Several altcoins, including $PEPE, $BNB, $LINK, $TON, $ADA, and $XRP, have experienced declines in the current market downturn. Meanwhile, $DYDX, $ARB, and $CRV have reached new all-time lows, showcasing the volatility of the market.

On the other hand, $BGB, the token associated with Bitget, recently saw a significant rise, reaching a new all-time high (ATH) of 8.48. This impressive 10x increase in value has garnered attention in the trading community, and many are closely watching to see how it performs in the coming year",2025-04-02 15:15:04
352833084,Unknown,2025-02-02 19:46:32,1738525592777.0,"$CRV and $ROSE Hold Major Support Levels Amid Significant Correction: Is a Bounceback Ahead?

#Altcoins
#NFA
https://coinsprobe.com/crv-and-rose-hold-major-support-levels-amid-significant-correction-is-a-bounceback-ahead/
CRV and ROSE Hold Major Support Levels Amid Significant Correction: Is a Bounceback Ahead? - CoinsProbe
Date: February 3, 2025 | 03:08 PM GMT",2025-04-02 15:15:04
352719303,Unknown,2025-02-02 14:02:47,1738504967858.0,$CRV i just bought 1000 dollars worth of CRV,2025-04-02 15:15:05
352631292,Unknown,2025-02-02 05:48:59,1738475339979.0,$CRV i just bought 1000 dollars worth of CRV,2025-04-02 15:15:06
352518593,Unknown,2025-02-01 12:01:12,1738411272474.0,$CRV i just bought 1000 dollars worth of CRV,2025-04-02 15:15:07
352510486,Unknown,2025-02-01 08:06:09,1738397169715.0,I'm bullish on $CRV ğŸ¤‘ğŸ’¸ğŸ¤‘,2025-04-02 15:15:07
352510036,Unknown,2025-02-01 07:52:00,1738396320715.0,Iâ€™m bullish on$CRV,2025-04-02 15:15:54
352350010,Unknown,2025-01-31 21:19:53,1738358393678.0,$CRV Please what do you think of the crv? in future weeks/months etc.,2025-04-02 15:15:55
352284365,Unknown,2025-01-31 15:55:07,1738338907843.0,I'm bullish on $CRV PUMP TÄ°ME !!!!ğŸ¤‘ğŸ¤‘ğŸ˜ğŸ’¸,2025-04-02 15:15:56
352239257,Unknown,2025-01-31 09:47:27,1738316847447.0,I'm bullish on $CRV PUMP TÄ°ME !!!!ğŸ¤‘ğŸ¤‘ğŸ˜ğŸ’¸,2025-04-02 15:15:56
352233701,Unknown,2025-01-31 07:25:50,1738308350673.0,$CRV Guys what are your predictions for the CRV in the coming months?,2025-04-02 15:16:07
352201839,Unknown,2025-01-31 05:20:32,1738300832314.0,$RUNE is experiencing the same issue $CRV but the different is $RUNE has no CRO or Founder to fuc the issue the whole team might has different ideas to solve the issue resulting price going down,2025-04-02 15:16:08
352189767,Unknown,2025-01-31 00:18:39,1738282719058.0,$CRV stopped tagging CRV in your spam. We don't care about boe or lotus or any other turds.,2025-04-02 15:16:08
352103901,Unknown,2025-01-30 13:19:35,1738243175082.0,$CRV stopped tagging CRV in your spam. We don't care about boe or lotus or any other turds.,2025-04-02 15:16:16
352068715,Unknown,2025-01-30 11:00:20,1738234820150.0,$CRV glad I bought the dip,2025-04-02 15:16:19
352046024,Unknown,2025-01-30 06:50:28,1738219828936.0,"$CRV CRV COIN & CETUS COIN LATEST TECHNICAL STUDY!
#Bitcoin
,
#Crypto
,
#Blockchain
,
#CryptoTrading
,
#HODL
LINK -",2025-04-02 15:16:20
352058727,Unknown,2025-01-30 04:09:39,1738210179244.0,"$CRV CRV COIN & CETUS COIN LATEST TECHNICAL STUDY!
#Bitcoin
,
#Crypto
,
#Blockchain
,
#CryptoTrading
,
#HODL
LINK -",2025-04-02 15:16:21
352026908,Unknown,2025-01-29 15:24:00,1738164240637.0,"$JASMY Gains Momentum Following Key Breakout: Is $CRV Gearing Up For A Similar Move?

#Altcoins
#NFA
https://coinsprobe.com/jasmy-gains-momentum-following-key-breakout-is-crv-gearing-up-for-a-similar-move/
JASMY Gains Momentum Following Key Breakout: Is CRV Gearing Up For A Similar Move? - CoinsProbe
Date: Fri, Jan 31, 2025, 04:34 AM GMT",2025-04-02 15:16:24
351977721,Unknown,2025-01-29 14:58:15,1738162695553.0,Lesgoo ğŸš€ $CRV,2025-04-02 15:16:27
